sensor_id,timestamp,temperature,humidity,location,sensor_type
1039,2025-04-04 13:52:16,19.71,75.47,BuildingA_Floor1,TypeC
1024,2025-04-06 12:46:03,34.13,36.07,BuildingA_Floor1,TypeC
1063,2025-04-07 17:23:15,27.13,42.27,BuildingB_Floor1,TypeA
1042,2025-04-04 23:09:21,34.55,63.9,BuildingB_Floor1,TypeC
1068,2025-04-07 08:24:23,30.12,35.92,BuildingA_Floor2,TypeC
1044,2025-04-05 22:22:14,33.43,73.67,BuildingB_Floor2,TypeC
1008,2025-04-07 16:53:20,28.57,41.73,BuildingA_Floor2,TypeC
1076,2025-04-06 16:52:09,25.73,73.29,BuildingA_Floor2,TypeA
1013,2025-04-05 00:52:35,31.6,54.51,BuildingB_Floor1,TypeC
1029,2025-04-06 12:30:32,34.1,57.13,BuildingB_Floor1,TypeB
1085,2025-04-06 06:59:29,24.84,67.59,BuildingB_Floor2,TypeC
1041,2025-04-04 14:43:46,31.43,42.24,BuildingB_Floor2,TypeA
1017,2025-04-04 10:41:54,31.73,71.54,BuildingA_Floor1,TypeB
1045,2025-04-02 19:12:24,27.7,35.15,BuildingA_Floor1,TypeB
1088,2025-04-03 21:33:02,29.05,32.29,BuildingB_Floor1,TypeB
1010,2025-04-05 04:59:20,25.67,68.83,BuildingB_Floor1,TypeC
1040,2025-04-05 23:01:52,33.01,79.03,BuildingA_Floor2,TypeB
1081,2025-04-04 02:44:38,20.15,70.15,BuildingB_Floor2,TypeC
1053,2025-04-07 09:15:56,19.98,39.43,BuildingB_Floor1,TypeA
1037,2025-04-03 14:47:34,28.9,65.02,BuildingB_Floor2,TypeA
1079,2025-04-06 23:10:30,24.45,61.01,BuildingA_Floor2,TypeA
1052,2025-04-07 12:13:57,26.16,50.75,BuildingA_Floor2,TypeA
1009,2025-04-07 06:51:48,27.7,78.26,BuildingB_Floor1,TypeC
1093,2025-04-04 01:54:09,26.91,59.61,BuildingB_Floor1,TypeC
1089,2025-04-05 22:12:21,22.69,43.13,BuildingB_Floor1,TypeA
1011,2025-04-06 20:12:12,30.95,40.07,BuildingA_Floor2,TypeC
1007,2025-04-05 01:50:35,32.22,56.19,BuildingA_Floor2,TypeB
1005,2025-04-03 14:20:02,27.98,52.32,BuildingA_Floor1,TypeC
1011,2025-04-05 07:59:04,15.8,58.59,BuildingA_Floor2,TypeA
1062,2025-04-05 18:30:44,21.89,61.06,BuildingB_Floor2,TypeC
1068,2025-04-02 23:30:35,17.78,47.03,BuildingA_Floor2,TypeB
1067,2025-04-06 13:05:46,28.74,58.86,BuildingA_Floor1,TypeA
1088,2025-04-04 21:21:10,25.97,79.46,BuildingB_Floor2,TypeA
1064,2025-04-03 21:15:14,16.39,54.57,BuildingB_Floor2,TypeA
1050,2025-04-07 09:23:41,20.81,76.32,BuildingB_Floor1,TypeA
1020,2025-04-02 20:50:35,22.46,77.93,BuildingA_Floor2,TypeC
1024,2025-04-05 03:50:46,33.66,78.43,BuildingA_Floor1,TypeA
1095,2025-04-04 00:03:12,20.61,55.78,BuildingB_Floor2,TypeB
1081,2025-04-06 16:13:51,30.03,77.03,BuildingB_Floor2,TypeB
1090,2025-04-06 02:05:38,30.71,48.04,BuildingB_Floor1,TypeC
1066,2025-04-07 10:35:34,32.17,55.23,BuildingA_Floor2,TypeA
1096,2025-04-05 19:05:31,30.96,46.19,BuildingB_Floor1,TypeA
1045,2025-04-05 18:41:35,34.8,50.22,BuildingB_Floor2,TypeA
1001,2025-04-07 10:32:58,26.27,54.97,BuildingB_Floor1,TypeB
1029,2025-04-06 14:37:25,29.42,59.68,BuildingB_Floor1,TypeC
1021,2025-04-03 23:15:45,33.71,34.65,BuildingA_Floor2,TypeB
1032,2025-04-05 09:41:13,22.91,34.03,BuildingA_Floor1,TypeA
1045,2025-04-03 04:05:59,25.32,77.75,BuildingA_Floor2,TypeC
1052,2025-04-06 06:03:36,28.05,55.44,BuildingA_Floor2,TypeA
1014,2025-04-07 14:51:03,18.12,41.79,BuildingA_Floor2,TypeA
1066,2025-04-03 14:40:17,29.74,72.37,BuildingA_Floor1,TypeA
1040,2025-04-07 02:48:51,17.75,60.56,BuildingB_Floor1,TypeC
1099,2025-04-07 07:28:29,34.46,66.19,BuildingB_Floor2,TypeB
1098,2025-04-04 15:44:32,16.97,70.66,BuildingB_Floor1,TypeA
1003,2025-04-04 17:47:44,22.38,36.02,BuildingA_Floor2,TypeA
1076,2025-04-07 04:31:20,27.62,41.64,BuildingA_Floor1,TypeC
1048,2025-04-06 16:09:04,32.04,79.57,BuildingB_Floor2,TypeC
1027,2025-04-06 10:37:09,20.07,42.92,BuildingB_Floor2,TypeA
1078,2025-04-03 12:35:59,21.35,53.08,BuildingA_Floor1,TypeB
1080,2025-04-04 21:00:47,34.28,74.72,BuildingA_Floor2,TypeC
1020,2025-04-06 18:21:47,15.95,68.54,BuildingB_Floor2,TypeC
1043,2025-04-07 09:39:31,23.47,34.13,BuildingB_Floor1,TypeC
1094,2025-04-03 10:53:11,30.14,37.38,BuildingA_Floor1,TypeA
1054,2025-04-07 01:47:54,20.61,43.36,BuildingB_Floor1,TypeA
1077,2025-04-07 01:22:04,19.74,45.44,BuildingB_Floor2,TypeA
1056,2025-04-03 22:53:39,20.84,69.99,BuildingB_Floor2,TypeB
1093,2025-04-04 06:12:04,18.3,41.77,BuildingB_Floor2,TypeC
1068,2025-04-07 17:04:28,34.25,78.63,BuildingB_Floor2,TypeC
1068,2025-04-05 23:12:26,16.44,70.87,BuildingB_Floor2,TypeC
1069,2025-04-04 23:25:11,33.88,66.73,BuildingB_Floor2,TypeA
1000,2025-04-07 12:32:40,34.15,60.07,BuildingA_Floor2,TypeA
1048,2025-04-06 23:34:09,15.24,44.14,BuildingB_Floor2,TypeA
1074,2025-04-05 22:57:08,25.96,45.01,BuildingA_Floor1,TypeB
1012,2025-04-03 04:37:13,28.69,61.73,BuildingA_Floor1,TypeC
1086,2025-04-06 15:52:48,25.52,41.71,BuildingB_Floor1,TypeC
1089,2025-04-04 03:30:40,33.2,74.65,BuildingB_Floor1,TypeB
1089,2025-04-04 20:56:57,31.21,69.72,BuildingB_Floor1,TypeC
1095,2025-04-06 14:07:16,21.71,75.95,BuildingA_Floor1,TypeB
1061,2025-04-07 13:55:47,20.14,40.03,BuildingB_Floor2,TypeC
1024,2025-04-05 02:56:43,26.8,39.57,BuildingB_Floor2,TypeB
1057,2025-04-02 23:35:45,24.24,75.03,BuildingB_Floor1,TypeA
1035,2025-04-05 20:37:03,28.39,36.21,BuildingB_Floor1,TypeC
1016,2025-04-05 17:05:37,27.73,79.96,BuildingA_Floor2,TypeB
1031,2025-04-05 14:03:45,26.18,50.39,BuildingB_Floor1,TypeA
1021,2025-04-07 06:56:46,25.32,35.55,BuildingA_Floor2,TypeC
1054,2025-04-03 05:17:28,24.45,53.25,BuildingB_Floor1,TypeC
1077,2025-04-03 13:00:16,26.05,59.66,BuildingA_Floor2,TypeB
1030,2025-04-03 19:27:18,15.2,40.79,BuildingA_Floor1,TypeC
1093,2025-04-04 20:42:09,19.51,70.02,BuildingB_Floor1,TypeB
1078,2025-04-03 16:01:29,22.0,44.26,BuildingA_Floor2,TypeA
1055,2025-04-04 19:48:34,27.93,54.04,BuildingB_Floor2,TypeB
1026,2025-04-02 20:21:42,28.76,61.22,BuildingA_Floor2,TypeA
1074,2025-04-04 09:25:05,26.91,45.3,BuildingA_Floor2,TypeC
1060,2025-04-07 02:40:14,24.48,53.96,BuildingA_Floor2,TypeC
1047,2025-04-03 19:17:11,32.68,48.3,BuildingA_Floor2,TypeB
1081,2025-04-05 04:31:08,15.93,70.55,BuildingA_Floor1,TypeB
1084,2025-04-03 08:44:58,18.77,64.27,BuildingA_Floor2,TypeC
1032,2025-04-07 13:29:58,26.09,34.09,BuildingB_Floor2,TypeC
1030,2025-04-03 23:45:20,15.23,35.78,BuildingA_Floor1,TypeC
1062,2025-04-04 16:24:11,30.58,34.27,BuildingA_Floor2,TypeB
1010,2025-04-05 04:47:31,15.74,67.84,BuildingB_Floor1,TypeC
1066,2025-04-06 20:16:24,15.02,71.72,BuildingA_Floor2,TypeB
1094,2025-04-06 21:35:45,30.06,79.13,BuildingA_Floor2,TypeA
1088,2025-04-06 16:19:22,19.23,49.23,BuildingB_Floor1,TypeA
1066,2025-04-04 11:24:51,31.71,75.3,BuildingA_Floor2,TypeC
1002,2025-04-04 01:35:17,15.48,49.37,BuildingA_Floor1,TypeC
1067,2025-04-04 23:22:28,34.68,30.4,BuildingA_Floor2,TypeA
1046,2025-04-05 01:18:32,17.3,51.45,BuildingA_Floor2,TypeA
1044,2025-04-07 08:36:09,22.35,30.51,BuildingB_Floor2,TypeA
1052,2025-04-06 03:11:27,15.74,40.49,BuildingA_Floor2,TypeC
1011,2025-04-04 04:41:23,29.82,31.35,BuildingB_Floor1,TypeB
1009,2025-04-03 19:59:25,20.26,47.33,BuildingB_Floor1,TypeA
1097,2025-04-03 00:23:22,34.13,46.21,BuildingA_Floor1,TypeA
1099,2025-04-07 05:33:09,20.86,34.87,BuildingA_Floor2,TypeB
1059,2025-04-05 16:03:45,15.95,73.74,BuildingA_Floor1,TypeC
1009,2025-04-07 15:14:34,15.58,58.64,BuildingA_Floor1,TypeA
1091,2025-04-04 20:27:06,16.56,71.22,BuildingB_Floor1,TypeA
1076,2025-04-06 00:12:44,23.77,52.62,BuildingA_Floor2,TypeA
1078,2025-04-04 09:01:50,34.74,72.29,BuildingB_Floor1,TypeB
1089,2025-04-05 10:07:33,24.13,76.16,BuildingB_Floor1,TypeB
1074,2025-04-05 18:54:25,33.72,67.32,BuildingB_Floor2,TypeA
1032,2025-04-06 01:35:40,22.56,42.01,BuildingA_Floor1,TypeB
1015,2025-04-04 06:49:29,24.14,69.38,BuildingA_Floor1,TypeA
1013,2025-04-05 20:54:37,34.11,74.94,BuildingB_Floor1,TypeC
1034,2025-04-05 08:25:27,26.97,78.38,BuildingA_Floor1,TypeB
1096,2025-04-05 00:51:31,29.1,79.79,BuildingA_Floor2,TypeB
1061,2025-04-03 05:33:16,19.61,75.93,BuildingA_Floor2,TypeB
1045,2025-04-07 08:18:01,26.68,48.31,BuildingB_Floor1,TypeA
1019,2025-04-03 06:50:04,23.07,71.86,BuildingA_Floor1,TypeC
1053,2025-04-07 03:39:09,16.12,51.52,BuildingA_Floor2,TypeC
1063,2025-04-05 21:03:06,27.62,63.96,BuildingB_Floor2,TypeC
1082,2025-04-03 02:05:08,30.8,75.02,BuildingA_Floor1,TypeC
1089,2025-04-07 16:12:59,28.97,43.02,BuildingA_Floor2,TypeA
1054,2025-04-02 23:41:01,19.65,31.01,BuildingB_Floor1,TypeA
1088,2025-04-06 15:59:42,33.94,44.03,BuildingB_Floor1,TypeA
1087,2025-04-07 06:05:18,17.07,38.48,BuildingB_Floor2,TypeC
1004,2025-04-04 11:34:48,23.26,60.57,BuildingB_Floor2,TypeC
1072,2025-04-04 10:19:33,17.8,37.62,BuildingA_Floor1,TypeC
1058,2025-04-07 12:21:13,28.44,45.42,BuildingA_Floor2,TypeC
1074,2025-04-02 22:01:56,21.53,43.61,BuildingB_Floor1,TypeA
1035,2025-04-03 15:15:31,34.53,53.05,BuildingA_Floor2,TypeC
1011,2025-04-04 23:26:38,25.63,70.22,BuildingB_Floor2,TypeB
1043,2025-04-07 05:00:46,20.51,43.24,BuildingA_Floor2,TypeA
1033,2025-04-02 23:36:43,27.9,62.15,BuildingB_Floor2,TypeA
1035,2025-04-06 04:48:41,26.53,64.17,BuildingA_Floor1,TypeC
1099,2025-04-03 08:59:20,16.54,51.28,BuildingA_Floor2,TypeA
1097,2025-04-03 19:54:34,24.78,48.49,BuildingA_Floor1,TypeC
1022,2025-04-03 09:18:14,19.4,67.57,BuildingA_Floor1,TypeB
1090,2025-04-04 03:14:03,29.37,49.61,BuildingA_Floor1,TypeA
1004,2025-04-07 03:45:17,21.9,74.3,BuildingB_Floor2,TypeC
1074,2025-04-04 22:14:41,25.49,63.68,BuildingB_Floor2,TypeB
1093,2025-04-02 22:57:57,28.96,73.01,BuildingA_Floor2,TypeA
1003,2025-04-07 00:21:09,29.51,79.31,BuildingB_Floor1,TypeC
1054,2025-04-03 02:48:27,24.79,38.43,BuildingA_Floor1,TypeA
1075,2025-04-07 16:31:04,18.56,47.03,BuildingA_Floor2,TypeA
1088,2025-04-06 07:01:20,28.63,54.94,BuildingA_Floor2,TypeB
1064,2025-04-05 05:38:27,19.17,77.82,BuildingB_Floor2,TypeA
1038,2025-04-05 17:43:35,34.81,53.71,BuildingA_Floor2,TypeA
1025,2025-04-03 15:40:52,22.73,69.37,BuildingB_Floor1,TypeC
1011,2025-04-03 20:11:44,16.62,41.15,BuildingB_Floor2,TypeB
1058,2025-04-03 23:36:44,32.79,37.39,BuildingB_Floor2,TypeB
1049,2025-04-07 12:49:36,29.18,78.71,BuildingA_Floor1,TypeC
1008,2025-04-05 02:35:54,20.1,38.92,BuildingB_Floor1,TypeC
1008,2025-04-06 11:43:00,29.43,62.47,BuildingB_Floor1,TypeB
1029,2025-04-04 06:32:49,21.56,61.08,BuildingB_Floor2,TypeA
1072,2025-04-06 09:05:04,33.26,75.61,BuildingA_Floor2,TypeB
1031,2025-04-06 16:20:07,30.07,58.42,BuildingA_Floor1,TypeC
1044,2025-04-06 19:27:00,33.66,43.31,BuildingB_Floor2,TypeA
1063,2025-04-03 01:56:52,23.87,76.6,BuildingA_Floor2,TypeC
1024,2025-04-05 00:14:54,33.94,66.67,BuildingA_Floor2,TypeA
1044,2025-04-03 11:39:56,22.9,34.0,BuildingB_Floor2,TypeA
1034,2025-04-06 03:13:27,32.18,67.57,BuildingA_Floor1,TypeB
1097,2025-04-03 02:00:44,16.35,73.96,BuildingA_Floor1,TypeB
1051,2025-04-04 06:40:29,25.99,66.41,BuildingB_Floor1,TypeA
1086,2025-04-02 21:28:28,21.79,75.95,BuildingB_Floor2,TypeC
1043,2025-04-07 03:14:10,33.0,52.13,BuildingB_Floor1,TypeA
1079,2025-04-06 02:39:09,26.28,57.21,BuildingB_Floor2,TypeC
1058,2025-04-06 16:36:15,19.67,56.07,BuildingA_Floor2,TypeC
1070,2025-04-06 02:41:42,24.69,30.95,BuildingA_Floor1,TypeC
1047,2025-04-07 17:22:55,19.49,31.98,BuildingA_Floor1,TypeB
1049,2025-04-06 19:28:39,28.89,61.41,BuildingA_Floor2,TypeB
1088,2025-04-03 15:23:49,30.78,73.03,BuildingB_Floor2,TypeC
1094,2025-04-05 20:55:49,30.25,70.6,BuildingB_Floor1,TypeB
1096,2025-04-03 21:08:03,32.81,67.75,BuildingB_Floor2,TypeB
1024,2025-04-03 18:53:53,29.75,78.75,BuildingB_Floor2,TypeA
1011,2025-04-03 10:00:41,34.44,31.31,BuildingA_Floor1,TypeC
1013,2025-04-05 01:05:33,23.28,35.94,BuildingB_Floor1,TypeA
1048,2025-04-06 19:27:40,33.68,46.46,BuildingA_Floor1,TypeC
1088,2025-04-06 05:19:34,15.53,63.95,BuildingB_Floor2,TypeB
1091,2025-04-07 09:52:07,20.92,45.13,BuildingA_Floor2,TypeC
1089,2025-04-03 01:24:37,31.49,78.48,BuildingA_Floor2,TypeB
1058,2025-04-05 09:55:30,33.27,42.32,BuildingB_Floor1,TypeB
1019,2025-04-05 15:47:23,24.3,51.09,BuildingA_Floor2,TypeA
1098,2025-04-05 03:39:07,29.97,59.76,BuildingB_Floor1,TypeC
1014,2025-04-05 12:09:34,19.29,78.28,BuildingA_Floor2,TypeB
1057,2025-04-05 23:38:47,15.06,71.03,BuildingB_Floor1,TypeC
1100,2025-04-03 03:48:32,24.06,37.87,BuildingA_Floor2,TypeB
1004,2025-04-03 04:32:40,21.37,36.1,BuildingB_Floor1,TypeC
1029,2025-04-04 10:10:15,17.81,65.99,BuildingB_Floor2,TypeB
1074,2025-04-04 23:23:37,15.25,53.39,BuildingB_Floor2,TypeB
1075,2025-04-04 10:11:04,31.77,65.15,BuildingB_Floor1,TypeA
1077,2025-04-04 23:47:54,19.89,71.42,BuildingB_Floor2,TypeA
1078,2025-04-06 09:07:28,16.71,45.53,BuildingB_Floor2,TypeC
1056,2025-04-04 19:11:44,22.59,61.94,BuildingB_Floor2,TypeA
1062,2025-04-04 20:46:38,25.23,73.43,BuildingB_Floor2,TypeC
1022,2025-04-05 11:28:53,20.36,35.91,BuildingA_Floor1,TypeB
1095,2025-04-06 16:23:42,23.63,73.7,BuildingB_Floor2,TypeC
1098,2025-04-06 15:54:32,15.59,73.27,BuildingB_Floor2,TypeB
1060,2025-04-06 23:02:54,19.04,73.36,BuildingA_Floor2,TypeC
1022,2025-04-07 02:22:13,33.43,62.81,BuildingB_Floor2,TypeA
1060,2025-04-05 10:20:25,18.59,49.06,BuildingB_Floor1,TypeC
1054,2025-04-05 10:11:53,26.48,30.02,BuildingB_Floor2,TypeB
1039,2025-04-07 17:24:40,33.37,43.33,BuildingB_Floor1,TypeB
1087,2025-04-07 10:04:16,30.39,69.51,BuildingA_Floor2,TypeC
1073,2025-04-06 07:39:43,24.28,55.37,BuildingB_Floor1,TypeA
1014,2025-04-03 23:09:20,26.99,66.18,BuildingA_Floor2,TypeB
1038,2025-04-06 17:19:12,34.08,79.13,BuildingA_Floor1,TypeB
1053,2025-04-07 11:26:54,15.44,75.3,BuildingA_Floor1,TypeA
1010,2025-04-04 23:16:25,31.79,47.56,BuildingB_Floor2,TypeA
1041,2025-04-07 03:28:57,23.49,68.36,BuildingB_Floor2,TypeA
1032,2025-04-07 16:14:53,22.74,52.22,BuildingB_Floor2,TypeA
1077,2025-04-06 05:10:12,19.63,74.81,BuildingA_Floor2,TypeC
1095,2025-04-05 08:13:49,33.38,73.0,BuildingA_Floor1,TypeB
1065,2025-04-04 02:29:08,30.84,69.54,BuildingB_Floor1,TypeB
1011,2025-04-06 09:20:21,21.9,55.66,BuildingB_Floor1,TypeA
1039,2025-04-04 06:00:43,23.15,46.63,BuildingB_Floor2,TypeA
1048,2025-04-05 05:05:53,26.12,79.73,BuildingB_Floor2,TypeB
1064,2025-04-07 06:32:53,17.1,71.31,BuildingB_Floor1,TypeB
1089,2025-04-04 07:15:55,30.28,48.95,BuildingA_Floor2,TypeA
1037,2025-04-04 14:01:49,18.88,54.7,BuildingA_Floor2,TypeB
1043,2025-04-05 15:56:06,29.23,74.42,BuildingB_Floor2,TypeC
1053,2025-04-05 17:23:41,22.56,55.98,BuildingB_Floor2,TypeB
1089,2025-04-07 14:07:01,29.03,48.01,BuildingB_Floor1,TypeB
1025,2025-04-07 17:49:09,29.17,59.37,BuildingA_Floor1,TypeC
1094,2025-04-04 04:35:53,20.14,55.05,BuildingA_Floor1,TypeC
1004,2025-04-07 07:44:35,26.78,52.0,BuildingA_Floor1,TypeA
1012,2025-04-07 02:44:10,27.1,54.78,BuildingB_Floor1,TypeA
1013,2025-04-04 07:21:17,34.24,38.42,BuildingB_Floor1,TypeA
1010,2025-04-07 15:10:34,19.53,61.52,BuildingA_Floor1,TypeB
1010,2025-04-07 00:05:49,17.88,67.56,BuildingB_Floor2,TypeB
1018,2025-04-04 05:54:12,26.95,58.7,BuildingA_Floor1,TypeA
1041,2025-04-06 09:32:33,25.76,50.53,BuildingB_Floor2,TypeB
1100,2025-04-07 08:09:01,23.72,39.41,BuildingB_Floor2,TypeA
1010,2025-04-05 23:49:35,25.99,74.68,BuildingB_Floor1,TypeC
1023,2025-04-07 15:18:48,20.71,59.58,BuildingB_Floor1,TypeA
1047,2025-04-05 13:24:17,26.58,43.7,BuildingA_Floor1,TypeC
1092,2025-04-03 01:50:19,24.95,36.68,BuildingA_Floor2,TypeC
1003,2025-04-06 18:21:31,30.62,35.8,BuildingA_Floor1,TypeA
1032,2025-04-05 22:35:26,31.58,69.38,BuildingA_Floor1,TypeB
1033,2025-04-06 13:56:06,22.74,68.36,BuildingB_Floor2,TypeA
1090,2025-04-05 20:48:12,25.65,50.29,BuildingB_Floor2,TypeB
1068,2025-04-03 19:31:28,30.56,73.62,BuildingA_Floor1,TypeB
1004,2025-04-07 08:50:48,29.35,55.07,BuildingB_Floor1,TypeB
1079,2025-04-06 18:51:26,23.51,68.49,BuildingA_Floor2,TypeC
1052,2025-04-07 05:58:53,34.88,31.22,BuildingB_Floor1,TypeB
1057,2025-04-03 13:20:14,24.37,42.17,BuildingB_Floor1,TypeC
1030,2025-04-06 20:25:39,20.53,78.09,BuildingB_Floor2,TypeB
1025,2025-04-03 03:55:31,20.19,58.89,BuildingA_Floor1,TypeC
1089,2025-04-05 13:50:52,30.16,56.49,BuildingB_Floor2,TypeA
1072,2025-04-03 11:59:01,24.8,55.37,BuildingA_Floor1,TypeB
1049,2025-04-03 12:38:53,17.46,62.52,BuildingA_Floor2,TypeC
1072,2025-04-03 04:50:46,19.8,42.39,BuildingA_Floor2,TypeB
1048,2025-04-05 02:25:21,34.24,66.23,BuildingA_Floor1,TypeA
1044,2025-04-05 01:24:26,28.73,73.24,BuildingB_Floor2,TypeB
1078,2025-04-05 22:59:39,29.97,38.66,BuildingB_Floor1,TypeA
1036,2025-04-03 09:19:25,28.21,75.68,BuildingB_Floor1,TypeC
1083,2025-04-06 15:38:07,24.95,31.06,BuildingB_Floor2,TypeA
1073,2025-04-02 19:16:48,33.5,49.41,BuildingB_Floor2,TypeA
1046,2025-04-04 09:42:06,30.27,61.52,BuildingA_Floor1,TypeC
1051,2025-04-04 08:08:19,20.71,58.36,BuildingB_Floor2,TypeB
1090,2025-04-06 01:57:03,30.28,73.51,BuildingA_Floor1,TypeC
1086,2025-04-04 15:47:28,17.29,77.9,BuildingB_Floor1,TypeC
1011,2025-04-06 13:58:12,16.26,30.07,BuildingB_Floor2,TypeA
1100,2025-04-04 09:06:00,16.79,52.22,BuildingB_Floor1,TypeB
1042,2025-04-05 13:29:10,26.09,36.83,BuildingA_Floor2,TypeC
1013,2025-04-06 09:57:41,29.04,60.66,BuildingA_Floor1,TypeC
1097,2025-04-02 19:25:00,21.06,79.24,BuildingB_Floor1,TypeA
1072,2025-04-02 21:37:59,21.91,51.33,BuildingA_Floor1,TypeA
1002,2025-04-03 15:55:13,19.92,48.47,BuildingB_Floor1,TypeB
1074,2025-04-03 10:44:25,27.74,35.78,BuildingB_Floor1,TypeB
1048,2025-04-05 15:20:20,24.78,44.6,BuildingB_Floor2,TypeB
1089,2025-04-03 01:33:03,29.11,76.48,BuildingB_Floor2,TypeB
1045,2025-04-04 05:12:34,15.33,34.74,BuildingA_Floor1,TypeA
1100,2025-04-06 08:58:53,31.7,42.54,BuildingB_Floor1,TypeC
1078,2025-04-05 17:37:50,17.9,46.86,BuildingA_Floor2,TypeC
1007,2025-04-05 11:20:35,20.88,30.55,BuildingA_Floor2,TypeA
1055,2025-04-07 16:38:35,32.18,60.71,BuildingA_Floor2,TypeA
1069,2025-04-06 18:59:22,24.42,66.74,BuildingB_Floor2,TypeA
1084,2025-04-07 09:50:35,18.7,32.42,BuildingA_Floor1,TypeA
1072,2025-04-04 18:09:34,15.61,34.2,BuildingB_Floor2,TypeA
1054,2025-04-07 16:05:03,30.62,51.69,BuildingA_Floor1,TypeA
1052,2025-04-04 06:07:38,20.59,40.39,BuildingA_Floor2,TypeA
1033,2025-04-07 01:53:44,24.94,38.46,BuildingA_Floor1,TypeC
1065,2025-04-07 02:22:07,19.0,49.96,BuildingB_Floor2,TypeB
1011,2025-04-07 01:03:21,29.58,78.92,BuildingB_Floor2,TypeC
1018,2025-04-06 07:17:30,16.4,62.64,BuildingA_Floor1,TypeC
1086,2025-04-05 19:35:02,19.87,55.44,BuildingB_Floor1,TypeB
1070,2025-04-03 20:16:54,33.05,38.63,BuildingB_Floor2,TypeA
1061,2025-04-03 03:58:10,24.46,77.28,BuildingB_Floor1,TypeC
1027,2025-04-04 17:17:36,33.85,47.67,BuildingA_Floor2,TypeC
1089,2025-04-06 05:51:40,29.68,54.17,BuildingA_Floor1,TypeC
1024,2025-04-04 15:42:41,33.49,44.49,BuildingA_Floor1,TypeC
1057,2025-04-03 13:47:14,17.9,64.73,BuildingA_Floor1,TypeB
1083,2025-04-04 19:46:43,19.12,46.37,BuildingA_Floor2,TypeA
1064,2025-04-04 00:41:44,29.2,79.87,BuildingA_Floor1,TypeB
1075,2025-04-07 07:34:06,25.68,75.14,BuildingB_Floor2,TypeB
1038,2025-04-03 06:56:30,27.75,66.75,BuildingA_Floor1,TypeC
1031,2025-04-05 00:17:14,27.75,30.41,BuildingA_Floor1,TypeA
1081,2025-04-02 23:01:07,31.06,65.2,BuildingA_Floor1,TypeC
1098,2025-04-07 02:22:14,32.83,77.14,BuildingB_Floor1,TypeB
1018,2025-04-04 04:31:32,30.31,66.45,BuildingB_Floor2,TypeC
1082,2025-04-02 22:12:44,19.49,31.69,BuildingB_Floor1,TypeB
1019,2025-04-06 15:03:05,32.1,33.98,BuildingA_Floor1,TypeC
1079,2025-04-03 11:34:38,26.92,43.57,BuildingA_Floor2,TypeC
1026,2025-04-06 08:37:35,28.53,43.39,BuildingB_Floor2,TypeB
1030,2025-04-03 22:43:55,24.56,66.17,BuildingB_Floor2,TypeA
1025,2025-04-05 03:43:26,19.19,59.02,BuildingB_Floor1,TypeA
1005,2025-04-05 03:34:00,18.31,59.45,BuildingB_Floor1,TypeC
1003,2025-04-03 15:22:35,24.98,32.49,BuildingA_Floor1,TypeA
1068,2025-04-03 04:45:57,19.29,35.85,BuildingB_Floor1,TypeB
1051,2025-04-06 20:28:25,28.51,50.81,BuildingB_Floor1,TypeA
1062,2025-04-03 13:26:15,16.36,40.94,BuildingA_Floor1,TypeC
1098,2025-04-05 07:11:23,32.49,60.61,BuildingB_Floor1,TypeC
1056,2025-04-04 21:56:06,30.89,47.41,BuildingB_Floor1,TypeC
1050,2025-04-05 02:57:30,16.74,69.21,BuildingA_Floor2,TypeC
1015,2025-04-04 01:55:54,22.34,57.47,BuildingB_Floor2,TypeB
1044,2025-04-05 03:38:25,16.78,54.81,BuildingB_Floor1,TypeB
1042,2025-04-07 04:05:45,19.7,67.93,BuildingB_Floor2,TypeA
1042,2025-04-05 14:56:13,25.1,51.79,BuildingB_Floor1,TypeB
1083,2025-04-05 21:46:32,21.74,78.78,BuildingB_Floor2,TypeC
1067,2025-04-04 16:28:16,32.34,55.2,BuildingB_Floor2,TypeA
1056,2025-04-05 09:56:43,32.41,77.41,BuildingB_Floor2,TypeB
1068,2025-04-03 16:28:14,21.57,48.81,BuildingA_Floor2,TypeB
1054,2025-04-03 06:04:14,32.41,58.4,BuildingA_Floor1,TypeA
1080,2025-04-04 13:21:44,19.3,71.37,BuildingB_Floor2,TypeB
1019,2025-04-03 05:52:32,31.76,69.51,BuildingB_Floor1,TypeB
1096,2025-04-03 19:55:25,34.04,45.67,BuildingB_Floor1,TypeA
1088,2025-04-05 04:27:30,31.18,38.45,BuildingA_Floor1,TypeC
1047,2025-04-07 07:48:48,33.15,48.46,BuildingB_Floor2,TypeB
1053,2025-04-06 07:43:53,30.09,72.82,BuildingA_Floor1,TypeC
1049,2025-04-06 15:57:12,22.94,63.02,BuildingB_Floor1,TypeA
1071,2025-04-03 23:38:55,32.24,35.35,BuildingB_Floor2,TypeA
1087,2025-04-05 15:44:37,15.56,66.94,BuildingB_Floor1,TypeB
1066,2025-04-05 22:57:06,16.99,61.51,BuildingB_Floor2,TypeB
1053,2025-04-04 05:29:03,29.28,43.93,BuildingA_Floor2,TypeC
1019,2025-04-03 18:57:46,26.03,43.05,BuildingA_Floor1,TypeC
1012,2025-04-06 18:21:15,26.03,75.51,BuildingA_Floor1,TypeB
1079,2025-04-04 17:39:12,32.58,70.98,BuildingA_Floor2,TypeC
1027,2025-04-02 22:45:39,34.1,38.99,BuildingB_Floor1,TypeC
1086,2025-04-04 00:39:42,26.31,62.56,BuildingA_Floor2,TypeC
1054,2025-04-03 16:48:33,32.16,42.24,BuildingA_Floor2,TypeA
1061,2025-04-03 10:24:27,18.52,77.54,BuildingA_Floor2,TypeA
1042,2025-04-05 08:44:03,28.34,41.07,BuildingA_Floor1,TypeB
1005,2025-04-06 13:09:29,18.05,73.9,BuildingA_Floor2,TypeA
1067,2025-04-05 03:43:06,18.34,50.03,BuildingA_Floor2,TypeC
1069,2025-04-07 04:27:22,23.49,45.2,BuildingB_Floor2,TypeA
1088,2025-04-07 04:22:23,29.21,62.19,BuildingB_Floor1,TypeC
1015,2025-04-05 21:09:39,32.77,45.59,BuildingA_Floor2,TypeB
1050,2025-04-07 06:24:16,23.4,50.37,BuildingA_Floor2,TypeB
1028,2025-04-05 16:37:17,32.05,55.84,BuildingB_Floor2,TypeA
1050,2025-04-04 09:42:09,19.16,77.17,BuildingA_Floor1,TypeB
1040,2025-04-04 04:10:51,32.1,68.84,BuildingB_Floor2,TypeB
1024,2025-04-07 12:27:43,22.49,47.99,BuildingA_Floor2,TypeA
1017,2025-04-05 22:04:34,30.83,51.57,BuildingA_Floor1,TypeB
1062,2025-04-05 03:59:22,23.93,35.84,BuildingA_Floor2,TypeB
1068,2025-04-04 18:32:38,20.29,58.04,BuildingB_Floor1,TypeC
1074,2025-04-07 08:32:45,25.77,57.53,BuildingA_Floor2,TypeC
1090,2025-04-03 17:39:45,23.41,63.52,BuildingA_Floor1,TypeA
1005,2025-04-03 23:00:54,28.49,57.96,BuildingB_Floor1,TypeB
1093,2025-04-04 15:00:43,30.33,60.59,BuildingB_Floor2,TypeB
1025,2025-04-05 23:46:21,32.75,69.68,BuildingB_Floor2,TypeB
1019,2025-04-05 20:57:10,22.72,31.87,BuildingA_Floor2,TypeB
1060,2025-04-05 19:12:24,26.13,67.67,BuildingA_Floor1,TypeB
1076,2025-04-04 00:56:12,24.18,73.25,BuildingA_Floor2,TypeB
1016,2025-04-03 14:59:38,21.36,63.92,BuildingB_Floor2,TypeB
1081,2025-04-07 16:00:47,22.3,55.72,BuildingB_Floor2,TypeC
1038,2025-04-05 04:47:43,29.15,72.5,BuildingA_Floor2,TypeC
1071,2025-04-03 20:25:29,18.93,60.53,BuildingA_Floor1,TypeB
1050,2025-04-06 21:12:40,19.1,79.2,BuildingA_Floor1,TypeC
1014,2025-04-06 09:37:03,16.14,55.42,BuildingA_Floor2,TypeB
1007,2025-04-03 04:45:18,20.75,76.93,BuildingA_Floor1,TypeC
1034,2025-04-04 08:54:20,27.58,67.75,BuildingA_Floor1,TypeA
1050,2025-04-04 04:14:46,22.61,38.74,BuildingA_Floor2,TypeC
1027,2025-04-06 03:36:09,22.08,39.75,BuildingB_Floor1,TypeC
1082,2025-04-03 05:02:14,25.5,44.8,BuildingB_Floor1,TypeB
1099,2025-04-07 07:58:26,17.89,41.59,BuildingA_Floor1,TypeB
1036,2025-04-06 07:14:17,33.47,68.36,BuildingA_Floor2,TypeC
1099,2025-04-06 13:42:15,33.87,53.13,BuildingA_Floor1,TypeB
1015,2025-04-05 17:55:57,33.87,50.78,BuildingA_Floor1,TypeA
1086,2025-04-07 06:48:17,31.15,67.66,BuildingB_Floor2,TypeC
1005,2025-04-03 02:01:03,34.91,47.97,BuildingA_Floor1,TypeA
1100,2025-04-04 02:01:57,29.19,74.49,BuildingA_Floor2,TypeA
1079,2025-04-05 08:35:56,15.05,75.66,BuildingB_Floor2,TypeC
1026,2025-04-07 13:09:09,26.62,41.08,BuildingB_Floor2,TypeB
1089,2025-04-07 02:38:47,17.44,60.04,BuildingA_Floor2,TypeC
1095,2025-04-07 02:09:38,31.25,72.38,BuildingB_Floor1,TypeB
1098,2025-04-06 10:38:57,15.73,40.68,BuildingA_Floor1,TypeA
1064,2025-04-04 03:39:06,16.91,33.99,BuildingB_Floor2,TypeC
1009,2025-04-05 20:53:14,21.81,62.87,BuildingB_Floor1,TypeB
1059,2025-04-04 12:48:29,23.91,51.42,BuildingB_Floor1,TypeC
1038,2025-04-07 05:35:40,32.18,32.27,BuildingB_Floor1,TypeB
1088,2025-04-05 11:45:28,15.09,66.17,BuildingB_Floor1,TypeB
1000,2025-04-04 05:44:07,18.82,73.64,BuildingB_Floor2,TypeC
1082,2025-04-06 19:13:02,31.35,42.86,BuildingB_Floor1,TypeC
1079,2025-04-04 04:11:41,22.42,72.38,BuildingA_Floor2,TypeB
1047,2025-04-06 19:47:07,15.46,41.35,BuildingA_Floor2,TypeC
1061,2025-04-05 03:15:53,22.56,62.75,BuildingA_Floor2,TypeC
1024,2025-04-04 18:19:15,18.43,68.26,BuildingB_Floor1,TypeC
1093,2025-04-03 11:53:41,33.87,75.11,BuildingB_Floor1,TypeA
1007,2025-04-03 23:12:15,16.79,76.09,BuildingB_Floor2,TypeC
1054,2025-04-07 13:13:53,30.02,58.72,BuildingB_Floor2,TypeA
1007,2025-04-04 10:13:37,31.53,77.58,BuildingB_Floor2,TypeA
1035,2025-04-06 17:59:31,34.04,74.14,BuildingB_Floor1,TypeB
1041,2025-04-06 23:34:00,25.32,35.3,BuildingB_Floor2,TypeC
1019,2025-04-06 12:07:48,29.38,73.5,BuildingA_Floor2,TypeA
1070,2025-04-04 02:48:47,15.79,64.09,BuildingA_Floor2,TypeB
1039,2025-04-03 20:28:39,26.54,53.53,BuildingA_Floor1,TypeC
1022,2025-04-04 00:07:35,24.57,51.03,BuildingA_Floor2,TypeC
1051,2025-04-03 10:19:42,32.76,50.0,BuildingB_Floor2,TypeB
1080,2025-04-07 17:12:10,33.25,79.3,BuildingB_Floor2,TypeA
1051,2025-04-05 18:23:17,30.98,69.26,BuildingB_Floor1,TypeB
1025,2025-04-04 19:22:43,24.09,76.31,BuildingA_Floor2,TypeC
1006,2025-04-07 17:04:53,15.45,79.63,BuildingA_Floor1,TypeA
1075,2025-04-07 12:35:31,24.51,79.88,BuildingA_Floor2,TypeB
1077,2025-04-03 11:45:03,26.51,53.47,BuildingA_Floor2,TypeC
1049,2025-04-07 13:46:04,24.34,59.39,BuildingB_Floor2,TypeB
1067,2025-04-04 06:42:47,32.49,79.26,BuildingA_Floor1,TypeB
1091,2025-04-05 15:18:22,20.52,34.66,BuildingA_Floor1,TypeB
1086,2025-04-02 22:11:14,15.04,60.51,BuildingB_Floor1,TypeC
1070,2025-04-06 13:07:54,31.96,61.35,BuildingA_Floor1,TypeB
1087,2025-04-04 10:57:04,24.83,56.81,BuildingB_Floor2,TypeB
1027,2025-04-03 23:29:06,20.12,36.93,BuildingA_Floor2,TypeC
1095,2025-04-06 07:40:08,20.1,48.69,BuildingB_Floor2,TypeC
1023,2025-04-07 01:20:58,24.96,52.61,BuildingA_Floor1,TypeC
1060,2025-04-03 06:12:21,34.81,35.18,BuildingB_Floor2,TypeC
1096,2025-04-06 06:23:07,23.68,46.33,BuildingB_Floor2,TypeB
1046,2025-04-05 18:03:36,21.34,39.89,BuildingB_Floor1,TypeC
1090,2025-04-06 08:04:10,16.73,64.26,BuildingB_Floor1,TypeC
1091,2025-04-07 09:59:54,27.67,49.27,BuildingA_Floor2,TypeB
1090,2025-04-06 02:40:54,17.24,30.11,BuildingB_Floor2,TypeB
1094,2025-04-03 20:16:42,16.82,76.79,BuildingB_Floor2,TypeB
1052,2025-04-03 20:38:07,20.32,33.38,BuildingA_Floor2,TypeA
1094,2025-04-05 03:25:32,18.49,76.26,BuildingA_Floor1,TypeC
1067,2025-04-06 03:34:26,31.18,57.53,BuildingA_Floor2,TypeA
1017,2025-04-04 17:53:06,20.94,35.26,BuildingB_Floor1,TypeB
1049,2025-04-07 05:46:09,29.24,50.79,BuildingB_Floor2,TypeB
1074,2025-04-04 07:08:19,26.09,77.75,BuildingB_Floor1,TypeB
1085,2025-04-03 06:11:53,19.12,63.47,BuildingA_Floor2,TypeC
1034,2025-04-05 13:24:19,16.96,44.59,BuildingB_Floor2,TypeC
1050,2025-04-04 03:27:36,22.15,46.74,BuildingA_Floor1,TypeB
1014,2025-04-04 10:28:19,26.5,37.74,BuildingB_Floor1,TypeB
1061,2025-04-03 05:48:00,15.01,45.2,BuildingA_Floor1,TypeA
1008,2025-04-07 13:39:36,21.06,37.25,BuildingB_Floor1,TypeB
1098,2025-04-04 10:11:50,24.86,61.44,BuildingA_Floor2,TypeB
1001,2025-04-03 23:30:07,30.97,34.96,BuildingB_Floor2,TypeA
1059,2025-04-04 08:40:27,30.79,44.77,BuildingA_Floor2,TypeC
1087,2025-04-04 05:39:02,23.8,65.73,BuildingB_Floor2,TypeB
1011,2025-04-07 09:48:35,33.07,34.39,BuildingA_Floor2,TypeA
1016,2025-04-06 06:53:18,32.46,40.48,BuildingA_Floor2,TypeA
1019,2025-04-04 18:37:47,34.29,78.15,BuildingB_Floor1,TypeA
1067,2025-04-04 07:10:08,30.53,57.78,BuildingA_Floor2,TypeA
1092,2025-04-06 04:55:15,28.54,73.83,BuildingB_Floor1,TypeA
1070,2025-04-04 01:00:29,18.39,53.76,BuildingB_Floor1,TypeC
1071,2025-04-04 05:37:50,25.2,64.23,BuildingB_Floor1,TypeB
1049,2025-04-02 23:46:33,30.36,66.33,BuildingA_Floor1,TypeA
1070,2025-04-06 13:51:24,33.24,59.34,BuildingA_Floor2,TypeA
1080,2025-04-04 15:23:18,16.32,43.73,BuildingA_Floor2,TypeC
1048,2025-04-02 22:30:03,25.94,67.98,BuildingA_Floor1,TypeB
1036,2025-04-04 14:05:53,33.09,62.38,BuildingB_Floor1,TypeA
1075,2025-04-03 04:31:23,16.91,49.23,BuildingB_Floor2,TypeC
1012,2025-04-03 23:41:20,18.99,71.57,BuildingA_Floor1,TypeB
1077,2025-04-03 23:54:16,21.5,69.71,BuildingB_Floor2,TypeC
1059,2025-04-07 02:36:30,27.08,40.47,BuildingB_Floor1,TypeC
1058,2025-04-04 15:19:03,28.44,54.85,BuildingA_Floor1,TypeB
1014,2025-04-06 14:34:29,30.77,69.17,BuildingB_Floor2,TypeA
1081,2025-04-02 21:04:22,20.42,79.8,BuildingB_Floor1,TypeB
1091,2025-04-05 18:03:45,18.62,44.53,BuildingA_Floor1,TypeB
1017,2025-04-05 20:52:48,22.79,52.74,BuildingA_Floor1,TypeB
1022,2025-04-04 16:22:37,26.55,44.31,BuildingB_Floor1,TypeB
1034,2025-04-05 14:06:04,21.28,78.91,BuildingB_Floor2,TypeC
1090,2025-04-03 16:14:22,31.8,50.32,BuildingB_Floor2,TypeA
1063,2025-04-04 19:03:39,27.81,51.8,BuildingB_Floor1,TypeA
1053,2025-04-04 00:51:06,23.06,65.95,BuildingA_Floor1,TypeB
1062,2025-04-07 02:52:54,30.15,64.99,BuildingB_Floor1,TypeA
1052,2025-04-06 08:01:10,22.36,58.59,BuildingA_Floor2,TypeA
1035,2025-04-05 22:11:36,28.18,64.18,BuildingA_Floor2,TypeA
1074,2025-04-04 23:34:31,31.87,49.19,BuildingA_Floor1,TypeB
1088,2025-04-04 16:39:21,17.78,32.94,BuildingA_Floor2,TypeA
1024,2025-04-03 10:23:58,25.74,61.81,BuildingA_Floor1,TypeA
1091,2025-04-07 09:06:07,23.18,76.9,BuildingB_Floor1,TypeA
1058,2025-04-06 15:02:08,27.72,77.25,BuildingA_Floor1,TypeC
1099,2025-04-03 18:05:13,18.92,76.09,BuildingB_Floor1,TypeB
1085,2025-04-03 06:31:07,22.94,38.34,BuildingA_Floor2,TypeC
1043,2025-04-03 08:59:01,15.84,70.38,BuildingB_Floor1,TypeB
1095,2025-04-07 18:50:46,31.9,69.06,BuildingB_Floor2,TypeC
1094,2025-04-05 18:28:41,31.26,72.46,BuildingB_Floor1,TypeA
1039,2025-04-06 13:05:13,20.72,50.82,BuildingA_Floor2,TypeA
1080,2025-04-07 06:50:17,20.97,72.11,BuildingB_Floor1,TypeC
1056,2025-04-05 13:55:58,29.05,33.29,BuildingA_Floor2,TypeB
1018,2025-04-07 01:24:51,24.23,59.27,BuildingB_Floor2,TypeB
1064,2025-04-04 00:00:57,17.44,70.04,BuildingA_Floor2,TypeB
1067,2025-04-04 17:38:23,19.52,34.71,BuildingB_Floor2,TypeB
1033,2025-04-05 13:27:24,16.58,37.62,BuildingB_Floor2,TypeA
1035,2025-04-07 01:37:16,27.59,74.91,BuildingA_Floor2,TypeC
1068,2025-04-04 16:07:37,16.8,43.93,BuildingA_Floor1,TypeA
1091,2025-04-04 17:33:37,17.18,41.4,BuildingB_Floor2,TypeA
1081,2025-04-06 23:02:48,24.07,35.94,BuildingB_Floor2,TypeB
1065,2025-04-07 09:21:23,21.43,36.69,BuildingA_Floor2,TypeA
1052,2025-04-06 03:52:38,29.74,45.4,BuildingB_Floor1,TypeC
1039,2025-04-07 04:15:33,29.83,43.46,BuildingA_Floor2,TypeA
1041,2025-04-05 19:10:05,32.68,41.2,BuildingB_Floor1,TypeB
1079,2025-04-05 14:25:15,20.68,52.01,BuildingA_Floor2,TypeB
1065,2025-04-06 12:15:56,26.91,62.7,BuildingA_Floor2,TypeB
1094,2025-04-04 21:13:36,33.06,44.82,BuildingB_Floor2,TypeA
1076,2025-04-05 01:35:18,34.77,54.59,BuildingA_Floor1,TypeC
1017,2025-04-07 04:29:36,30.99,31.67,BuildingA_Floor2,TypeA
1061,2025-04-06 09:44:47,32.21,32.06,BuildingA_Floor1,TypeC
1065,2025-04-07 06:20:06,16.07,48.4,BuildingA_Floor1,TypeB
1049,2025-04-02 21:03:03,28.9,77.12,BuildingA_Floor2,TypeB
1035,2025-04-07 07:48:53,18.63,48.45,BuildingB_Floor1,TypeC
1029,2025-04-06 23:54:06,15.4,48.58,BuildingA_Floor1,TypeB
1026,2025-04-05 09:08:22,15.91,39.81,BuildingB_Floor1,TypeA
1089,2025-04-06 19:48:45,17.39,66.44,BuildingB_Floor2,TypeA
1021,2025-04-04 10:17:42,32.36,56.62,BuildingA_Floor2,TypeA
1063,2025-04-05 08:14:54,22.47,47.28,BuildingB_Floor2,TypeA
1042,2025-04-04 11:03:29,16.35,74.57,BuildingB_Floor1,TypeC
1035,2025-04-05 20:12:12,26.31,33.61,BuildingA_Floor1,TypeB
1084,2025-04-06 00:40:23,23.19,37.67,BuildingA_Floor1,TypeC
1010,2025-04-04 06:35:57,27.35,55.85,BuildingA_Floor2,TypeB
1016,2025-04-03 13:17:12,27.34,60.86,BuildingB_Floor1,TypeB
1054,2025-04-03 00:20:12,26.45,47.84,BuildingB_Floor1,TypeC
1027,2025-04-02 23:48:20,33.13,74.72,BuildingA_Floor1,TypeB
1064,2025-04-03 02:54:09,26.39,56.16,BuildingB_Floor2,TypeA
1100,2025-04-06 19:10:01,34.04,79.99,BuildingA_Floor1,TypeC
1021,2025-04-04 11:10:27,34.78,52.66,BuildingA_Floor2,TypeC
1011,2025-04-04 08:11:12,16.79,51.27,BuildingA_Floor1,TypeA
1018,2025-04-07 05:46:14,20.26,57.25,BuildingA_Floor2,TypeC
1081,2025-04-06 01:39:12,18.5,72.54,BuildingB_Floor1,TypeC
1025,2025-04-03 21:35:00,19.96,65.21,BuildingB_Floor2,TypeC
1002,2025-04-05 12:07:48,24.0,52.71,BuildingA_Floor1,TypeA
1096,2025-04-03 19:45:59,24.74,71.71,BuildingB_Floor1,TypeC
1065,2025-04-06 23:24:53,23.49,52.07,BuildingB_Floor1,TypeA
1054,2025-04-03 14:18:52,26.82,31.3,BuildingB_Floor1,TypeC
1075,2025-04-04 10:00:47,17.42,56.29,BuildingB_Floor2,TypeC
1001,2025-04-04 20:55:45,34.13,50.17,BuildingB_Floor2,TypeA
1087,2025-04-06 12:32:21,16.73,75.12,BuildingB_Floor2,TypeA
1029,2025-04-03 19:36:50,18.15,38.03,BuildingA_Floor1,TypeB
1029,2025-04-05 15:00:03,34.56,65.46,BuildingB_Floor2,TypeB
1026,2025-04-05 14:59:23,18.91,48.54,BuildingA_Floor2,TypeB
1018,2025-04-04 10:44:33,31.49,34.25,BuildingA_Floor2,TypeA
1060,2025-04-06 16:43:52,24.41,48.06,BuildingA_Floor2,TypeA
1071,2025-04-04 19:19:51,24.91,47.82,BuildingB_Floor2,TypeC
1049,2025-04-07 19:03:49,34.01,35.5,BuildingA_Floor1,TypeB
1009,2025-04-04 03:37:39,21.58,76.63,BuildingA_Floor1,TypeA
1074,2025-04-06 18:28:27,21.53,78.42,BuildingB_Floor2,TypeB
1026,2025-04-04 10:54:15,21.09,49.41,BuildingA_Floor1,TypeB
1048,2025-04-06 00:09:11,30.34,39.32,BuildingA_Floor2,TypeC
1034,2025-04-03 21:01:06,21.02,50.24,BuildingB_Floor1,TypeC
1048,2025-04-05 16:19:34,16.78,72.19,BuildingA_Floor1,TypeC
1063,2025-04-04 14:47:51,29.76,59.49,BuildingA_Floor2,TypeB
1096,2025-04-02 21:28:35,34.54,53.99,BuildingB_Floor2,TypeC
1006,2025-04-02 23:00:51,20.45,48.46,BuildingB_Floor2,TypeC
1080,2025-04-05 07:09:00,18.95,75.7,BuildingB_Floor1,TypeC
1077,2025-04-04 16:12:13,30.86,51.47,BuildingA_Floor1,TypeC
1070,2025-04-07 04:08:43,31.9,65.78,BuildingB_Floor2,TypeB
1004,2025-04-04 06:55:43,18.19,53.38,BuildingB_Floor2,TypeA
1090,2025-04-05 14:34:45,29.58,37.46,BuildingB_Floor1,TypeB
1039,2025-04-07 06:48:26,25.53,64.4,BuildingA_Floor2,TypeB
1022,2025-04-03 16:06:07,31.81,38.7,BuildingA_Floor2,TypeC
1060,2025-04-03 05:56:49,15.26,79.11,BuildingA_Floor1,TypeA
1096,2025-04-04 03:33:49,28.34,79.46,BuildingA_Floor2,TypeC
1090,2025-04-07 07:53:59,31.85,58.45,BuildingA_Floor1,TypeB
1010,2025-04-06 07:50:53,17.58,66.49,BuildingA_Floor2,TypeB
1029,2025-04-03 17:27:15,15.22,53.88,BuildingB_Floor2,TypeC
1021,2025-04-04 08:40:53,28.91,34.12,BuildingA_Floor2,TypeB
1034,2025-04-06 09:19:01,21.6,34.15,BuildingA_Floor1,TypeA
1069,2025-04-06 17:13:52,17.39,68.79,BuildingA_Floor2,TypeA
1027,2025-04-04 22:30:43,25.67,45.71,BuildingB_Floor1,TypeB
1005,2025-04-04 17:34:30,19.56,58.01,BuildingA_Floor1,TypeC
1043,2025-04-05 23:11:55,19.18,62.89,BuildingA_Floor2,TypeC
1007,2025-04-05 03:36:43,15.81,49.1,BuildingB_Floor1,TypeA
1075,2025-04-03 21:23:53,24.74,77.19,BuildingB_Floor1,TypeA
1016,2025-04-06 21:27:30,33.74,68.13,BuildingB_Floor2,TypeA
1040,2025-04-03 12:40:59,24.78,73.83,BuildingB_Floor2,TypeA
1005,2025-04-06 05:18:49,24.34,41.07,BuildingB_Floor2,TypeC
1097,2025-04-07 04:54:31,16.75,61.67,BuildingB_Floor1,TypeC
1020,2025-04-03 03:40:20,22.69,66.71,BuildingA_Floor2,TypeC
1073,2025-04-03 17:19:11,34.45,68.39,BuildingB_Floor1,TypeC
1070,2025-04-05 22:29:29,33.46,40.01,BuildingA_Floor1,TypeA
1072,2025-04-07 05:21:50,33.7,55.3,BuildingB_Floor1,TypeA
1100,2025-04-03 10:45:35,19.26,53.87,BuildingA_Floor1,TypeA
1003,2025-04-07 03:06:34,22.27,56.81,BuildingA_Floor1,TypeC
1047,2025-04-04 03:12:28,26.84,69.81,BuildingA_Floor2,TypeC
1034,2025-04-06 21:05:09,32.98,73.67,BuildingB_Floor1,TypeC
1090,2025-04-06 06:29:32,28.53,40.52,BuildingB_Floor1,TypeB
1013,2025-04-04 09:35:55,31.64,75.26,BuildingB_Floor1,TypeB
1088,2025-04-03 23:12:05,21.71,64.93,BuildingA_Floor2,TypeB
1060,2025-04-06 09:43:17,30.61,58.31,BuildingB_Floor1,TypeC
1085,2025-04-07 02:10:18,21.01,74.84,BuildingB_Floor2,TypeC
1015,2025-04-07 09:59:27,16.38,78.8,BuildingA_Floor2,TypeC
1059,2025-04-04 14:34:10,29.28,39.34,BuildingB_Floor1,TypeA
1061,2025-04-03 14:01:49,19.28,43.59,BuildingA_Floor1,TypeA
1037,2025-04-06 23:22:38,26.24,62.22,BuildingA_Floor2,TypeB
1066,2025-04-04 21:40:14,34.38,52.23,BuildingB_Floor1,TypeA
1009,2025-04-06 04:09:45,17.58,55.04,BuildingA_Floor2,TypeC
1042,2025-04-04 23:57:57,17.98,43.8,BuildingB_Floor1,TypeB
1033,2025-04-03 11:14:33,34.85,66.25,BuildingA_Floor2,TypeB
1026,2025-04-02 23:46:23,34.86,78.98,BuildingA_Floor1,TypeC
1054,2025-04-04 15:59:54,34.15,60.27,BuildingB_Floor2,TypeA
1046,2025-04-05 02:46:46,27.26,61.11,BuildingB_Floor2,TypeC
1084,2025-04-06 02:03:57,30.81,33.64,BuildingB_Floor1,TypeC
1003,2025-04-07 04:03:41,19.4,75.61,BuildingA_Floor1,TypeB
1037,2025-04-04 23:00:00,30.13,61.68,BuildingA_Floor1,TypeB
1016,2025-04-03 07:18:42,24.89,76.99,BuildingB_Floor1,TypeA
1009,2025-04-06 02:09:00,24.01,34.43,BuildingA_Floor1,TypeB
1013,2025-04-06 01:27:06,18.65,76.03,BuildingA_Floor1,TypeB
1003,2025-04-04 14:07:31,26.3,49.13,BuildingA_Floor1,TypeC
1099,2025-04-03 00:37:56,24.14,46.23,BuildingA_Floor1,TypeC
1016,2025-04-07 18:54:34,34.37,59.18,BuildingB_Floor1,TypeB
1066,2025-04-07 07:31:57,23.47,62.19,BuildingB_Floor1,TypeC
1020,2025-04-07 00:33:29,24.35,50.33,BuildingB_Floor2,TypeB
1085,2025-04-03 07:34:39,23.98,35.84,BuildingB_Floor1,TypeC
1078,2025-04-07 18:45:15,22.99,78.76,BuildingA_Floor2,TypeA
1051,2025-04-03 01:44:40,31.44,59.1,BuildingA_Floor2,TypeB
1016,2025-04-03 22:09:00,25.35,46.31,BuildingA_Floor2,TypeA
1055,2025-04-06 11:54:41,34.86,39.26,BuildingA_Floor2,TypeA
1020,2025-04-06 01:04:43,18.42,63.65,BuildingA_Floor1,TypeB
1094,2025-04-07 06:13:39,28.16,57.6,BuildingA_Floor2,TypeB
1031,2025-04-06 08:06:34,19.79,45.77,BuildingA_Floor2,TypeA
1078,2025-04-05 11:56:14,33.79,42.75,BuildingA_Floor1,TypeB
1084,2025-04-05 17:58:21,25.99,44.72,BuildingB_Floor1,TypeA
1062,2025-04-03 23:50:56,32.38,68.71,BuildingA_Floor1,TypeA
1016,2025-04-05 07:59:45,17.84,38.29,BuildingA_Floor2,TypeB
1008,2025-04-02 23:17:49,28.02,32.68,BuildingA_Floor2,TypeC
1038,2025-04-05 17:58:02,22.11,42.14,BuildingA_Floor2,TypeA
1095,2025-04-04 07:57:42,29.3,47.81,BuildingA_Floor1,TypeC
1043,2025-04-04 11:36:41,16.38,70.93,BuildingA_Floor1,TypeC
1058,2025-04-04 23:32:00,24.85,34.0,BuildingB_Floor2,TypeB
1027,2025-04-06 20:31:40,20.54,63.59,BuildingA_Floor1,TypeC
1011,2025-04-06 03:54:51,23.56,68.01,BuildingA_Floor2,TypeC
1083,2025-04-05 08:42:34,33.81,50.35,BuildingB_Floor2,TypeA
1017,2025-04-06 12:24:17,31.73,79.54,BuildingA_Floor1,TypeB
1078,2025-04-03 15:16:03,22.72,55.51,BuildingA_Floor1,TypeA
1036,2025-04-06 11:37:39,17.82,73.68,BuildingB_Floor2,TypeC
1095,2025-04-06 08:35:12,31.79,79.49,BuildingB_Floor2,TypeA
1023,2025-04-03 02:02:23,22.32,74.25,BuildingA_Floor1,TypeA
1025,2025-04-03 10:46:03,32.94,58.88,BuildingB_Floor2,TypeB
1088,2025-04-03 15:02:25,18.76,55.81,BuildingB_Floor2,TypeC
1098,2025-04-05 14:57:28,21.29,64.46,BuildingB_Floor1,TypeC
1085,2025-04-05 06:37:54,29.91,66.42,BuildingA_Floor1,TypeB
1100,2025-04-07 12:48:18,25.28,70.15,BuildingA_Floor1,TypeC
1040,2025-04-05 20:09:36,25.76,61.23,BuildingA_Floor1,TypeA
1010,2025-04-07 13:36:40,33.43,59.37,BuildingA_Floor1,TypeC
1035,2025-04-04 11:57:48,30.99,56.23,BuildingB_Floor1,TypeB
1048,2025-04-05 10:41:34,23.36,52.03,BuildingA_Floor2,TypeB
1085,2025-04-06 03:08:03,22.13,33.44,BuildingB_Floor1,TypeB
1073,2025-04-05 08:51:49,16.95,48.93,BuildingA_Floor2,TypeA
1097,2025-04-06 22:17:39,27.4,52.43,BuildingA_Floor1,TypeB
1019,2025-04-07 06:59:10,33.24,50.82,BuildingB_Floor2,TypeA
1076,2025-04-07 02:42:10,18.83,38.78,BuildingB_Floor1,TypeB
1057,2025-04-05 12:03:55,17.69,51.49,BuildingA_Floor2,TypeB
1098,2025-04-07 03:25:07,34.52,75.23,BuildingB_Floor1,TypeB
1014,2025-04-04 21:15:15,20.36,31.7,BuildingB_Floor2,TypeA
1063,2025-04-06 21:58:57,19.8,50.04,BuildingA_Floor2,TypeB
1040,2025-04-05 05:09:31,17.34,50.13,BuildingB_Floor2,TypeB
1037,2025-04-04 04:23:12,34.62,71.74,BuildingB_Floor1,TypeB
1061,2025-04-07 09:20:55,33.18,38.86,BuildingB_Floor1,TypeA
1010,2025-04-05 16:34:08,20.4,42.38,BuildingB_Floor1,TypeC
1015,2025-04-04 04:33:28,30.89,41.97,BuildingB_Floor2,TypeA
1002,2025-04-07 10:15:26,28.7,64.75,BuildingA_Floor2,TypeB
1029,2025-04-05 17:40:36,28.1,62.09,BuildingA_Floor1,TypeC
1055,2025-04-02 21:47:43,19.12,35.87,BuildingA_Floor1,TypeA
1030,2025-04-06 14:24:49,33.97,75.07,BuildingB_Floor2,TypeC
1071,2025-04-02 20:27:07,26.19,30.73,BuildingA_Floor2,TypeC
1040,2025-04-05 18:11:32,16.81,66.83,BuildingA_Floor1,TypeC
1088,2025-04-07 12:37:35,24.95,42.96,BuildingA_Floor1,TypeC
1089,2025-04-03 14:34:45,30.78,76.07,BuildingA_Floor1,TypeB
1016,2025-04-03 01:08:24,20.49,74.02,BuildingB_Floor2,TypeA
1010,2025-04-03 05:28:04,31.62,64.08,BuildingB_Floor1,TypeA
1053,2025-04-04 09:05:10,33.06,44.67,BuildingB_Floor1,TypeC
1003,2025-04-04 13:18:02,27.61,58.84,BuildingA_Floor2,TypeA
1080,2025-04-03 12:01:16,30.53,52.74,BuildingB_Floor1,TypeA
1091,2025-04-04 07:50:41,32.63,36.72,BuildingB_Floor2,TypeA
1029,2025-04-05 23:30:44,15.18,52.76,BuildingB_Floor2,TypeA
1080,2025-04-06 20:11:45,30.4,48.95,BuildingB_Floor2,TypeB
1040,2025-04-06 22:13:31,28.0,72.13,BuildingA_Floor1,TypeC
1048,2025-04-06 08:50:30,26.88,40.66,BuildingB_Floor1,TypeA
1000,2025-04-07 15:27:45,32.12,39.67,BuildingB_Floor2,TypeC
1092,2025-04-07 10:55:26,28.17,79.79,BuildingB_Floor2,TypeB
1099,2025-04-06 04:21:31,30.63,76.73,BuildingA_Floor1,TypeC
1032,2025-04-06 12:32:22,21.83,38.13,BuildingA_Floor1,TypeC
1000,2025-04-03 03:06:39,33.16,37.47,BuildingB_Floor1,TypeA
1025,2025-04-07 16:29:18,22.19,51.33,BuildingA_Floor1,TypeC
1060,2025-04-03 22:21:24,17.56,45.11,BuildingA_Floor1,TypeA
1052,2025-04-05 03:17:36,28.42,42.26,BuildingB_Floor1,TypeC
1073,2025-04-03 13:00:29,32.1,48.28,BuildingA_Floor2,TypeB
1095,2025-04-07 03:35:06,25.84,55.16,BuildingB_Floor2,TypeC
1027,2025-04-04 01:01:21,25.27,67.34,BuildingB_Floor1,TypeC
1045,2025-04-03 22:01:56,33.13,71.98,BuildingA_Floor1,TypeB
1044,2025-04-05 12:47:32,33.05,55.35,BuildingB_Floor1,TypeC
1046,2025-04-02 19:49:25,20.44,63.99,BuildingA_Floor2,TypeA
1014,2025-04-07 04:03:56,25.22,35.58,BuildingA_Floor2,TypeC
1095,2025-04-07 05:30:19,30.88,45.9,BuildingB_Floor1,TypeA
1015,2025-04-06 05:35:16,20.06,31.08,BuildingB_Floor2,TypeA
1021,2025-04-07 01:08:05,21.49,72.52,BuildingA_Floor2,TypeA
1006,2025-04-03 22:35:41,33.5,42.16,BuildingA_Floor2,TypeA
1029,2025-04-03 02:14:09,28.16,59.7,BuildingB_Floor1,TypeB
1094,2025-04-04 03:32:36,30.23,69.65,BuildingB_Floor2,TypeC
1042,2025-04-06 14:54:19,16.14,49.89,BuildingB_Floor1,TypeA
1008,2025-04-07 11:00:55,20.41,48.77,BuildingB_Floor1,TypeC
1051,2025-04-04 11:25:07,16.37,50.69,BuildingB_Floor2,TypeB
1054,2025-04-06 16:04:57,22.89,40.71,BuildingB_Floor2,TypeB
1066,2025-04-04 20:21:36,26.1,30.97,BuildingA_Floor2,TypeA
1078,2025-04-03 23:46:19,26.19,52.24,BuildingB_Floor1,TypeB
1017,2025-04-02 20:49:32,22.81,56.78,BuildingA_Floor2,TypeA
1042,2025-04-04 19:15:56,32.78,69.44,BuildingB_Floor1,TypeB
1031,2025-04-07 17:38:06,18.91,62.92,BuildingA_Floor1,TypeC
1048,2025-04-04 22:15:15,26.65,79.12,BuildingB_Floor1,TypeB
1057,2025-04-03 18:44:56,30.49,47.36,BuildingA_Floor2,TypeB
1077,2025-04-05 08:59:31,21.34,35.42,BuildingA_Floor2,TypeC
1030,2025-04-04 15:25:39,24.43,59.56,BuildingB_Floor1,TypeC
1094,2025-04-04 20:34:27,19.16,78.04,BuildingA_Floor2,TypeA
1041,2025-04-05 07:30:49,32.21,51.77,BuildingB_Floor1,TypeB
1041,2025-04-05 00:52:00,22.47,44.4,BuildingB_Floor2,TypeB
1008,2025-04-05 11:34:36,29.81,67.92,BuildingB_Floor2,TypeA
1010,2025-04-07 12:00:32,27.12,77.35,BuildingA_Floor1,TypeB
1070,2025-04-06 17:25:54,19.0,48.7,BuildingB_Floor2,TypeB
1083,2025-04-04 07:14:22,27.72,52.46,BuildingA_Floor2,TypeC
1082,2025-04-05 18:51:43,33.44,40.45,BuildingA_Floor1,TypeA
1031,2025-04-03 02:29:06,21.99,60.54,BuildingA_Floor1,TypeB
1060,2025-04-07 01:52:39,33.79,42.71,BuildingA_Floor2,TypeC
1090,2025-04-05 17:29:16,31.02,73.02,BuildingB_Floor1,TypeA
1053,2025-04-03 19:53:03,23.41,42.44,BuildingB_Floor2,TypeB
1030,2025-04-07 15:02:39,24.6,49.81,BuildingA_Floor2,TypeB
1094,2025-04-05 08:43:32,27.35,67.75,BuildingA_Floor1,TypeC
1051,2025-04-06 13:46:00,29.91,30.52,BuildingB_Floor2,TypeA
1079,2025-04-06 04:37:47,20.35,49.59,BuildingA_Floor1,TypeC
1022,2025-04-03 12:07:40,18.65,52.63,BuildingB_Floor1,TypeB
1086,2025-04-04 03:48:03,22.51,31.94,BuildingA_Floor1,TypeB
1085,2025-04-06 06:17:35,34.13,38.67,BuildingA_Floor2,TypeA
1069,2025-04-05 16:55:21,24.36,56.16,BuildingA_Floor1,TypeB
1071,2025-04-05 18:47:22,31.13,46.66,BuildingA_Floor2,TypeA
1033,2025-04-03 19:20:00,27.93,38.11,BuildingB_Floor1,TypeB
1019,2025-04-05 21:44:22,17.69,32.81,BuildingA_Floor1,TypeA
1098,2025-04-04 04:15:13,34.02,64.9,BuildingB_Floor2,TypeC
1095,2025-04-07 02:01:44,19.19,77.04,BuildingB_Floor1,TypeA
1027,2025-04-05 21:30:18,28.22,44.54,BuildingA_Floor1,TypeB
1068,2025-04-05 09:06:31,29.49,35.49,BuildingB_Floor2,TypeA
1086,2025-04-03 19:28:29,33.31,58.98,BuildingA_Floor2,TypeC
1029,2025-04-06 18:18:29,34.89,72.8,BuildingB_Floor1,TypeC
1097,2025-04-05 07:56:53,30.96,35.83,BuildingA_Floor1,TypeB
1052,2025-04-04 15:55:12,33.35,48.64,BuildingB_Floor1,TypeA
1096,2025-04-04 02:19:38,31.09,36.76,BuildingB_Floor2,TypeC
1084,2025-04-06 03:27:56,15.21,35.31,BuildingB_Floor1,TypeB
1004,2025-04-06 16:22:21,28.7,62.29,BuildingB_Floor2,TypeA
1044,2025-04-06 07:34:08,23.19,47.61,BuildingB_Floor2,TypeA
1032,2025-04-03 14:45:16,21.49,57.64,BuildingA_Floor2,TypeC
1034,2025-04-02 22:14:36,27.44,36.83,BuildingB_Floor1,TypeC
1009,2025-04-03 07:54:47,34.56,74.9,BuildingB_Floor2,TypeC
1068,2025-04-06 07:49:45,18.8,37.03,BuildingB_Floor2,TypeA
1089,2025-04-07 01:08:46,30.61,32.04,BuildingB_Floor1,TypeC
1054,2025-04-07 15:09:25,25.15,35.72,BuildingA_Floor2,TypeC
1074,2025-04-03 02:59:41,19.92,37.85,BuildingA_Floor1,TypeA
1087,2025-04-06 22:49:37,33.7,31.07,BuildingA_Floor2,TypeC
1058,2025-04-05 18:03:33,17.35,43.9,BuildingA_Floor1,TypeA
1063,2025-04-03 20:21:13,18.13,44.87,BuildingB_Floor2,TypeB
1033,2025-04-06 05:41:00,31.2,35.09,BuildingA_Floor2,TypeC
1037,2025-04-06 07:58:10,31.37,72.94,BuildingA_Floor2,TypeC
1055,2025-04-06 08:18:18,23.05,39.38,BuildingB_Floor2,TypeA
1034,2025-04-06 03:06:45,21.49,46.11,BuildingA_Floor1,TypeC
1020,2025-04-06 04:45:17,29.86,45.76,BuildingA_Floor2,TypeC
1039,2025-04-03 03:59:05,29.04,34.11,BuildingA_Floor2,TypeB
1075,2025-04-05 20:40:42,29.58,70.04,BuildingA_Floor1,TypeA
1019,2025-04-03 19:54:54,30.78,67.99,BuildingB_Floor2,TypeC
1094,2025-04-06 10:17:17,31.85,60.23,BuildingA_Floor2,TypeA
1037,2025-04-07 18:10:01,19.93,69.38,BuildingA_Floor2,TypeC
1006,2025-04-04 09:03:13,25.98,47.45,BuildingA_Floor1,TypeA
1048,2025-04-06 21:48:04,17.29,58.61,BuildingB_Floor2,TypeC
1091,2025-04-04 01:46:55,16.02,49.73,BuildingB_Floor1,TypeB
1032,2025-04-04 03:41:34,31.41,38.29,BuildingB_Floor1,TypeC
1024,2025-04-06 11:12:58,24.22,67.92,BuildingA_Floor1,TypeA
1045,2025-04-06 17:27:12,28.23,34.19,BuildingA_Floor1,TypeA
1082,2025-04-06 21:10:51,31.82,62.15,BuildingA_Floor2,TypeC
1054,2025-04-07 14:47:48,34.49,38.69,BuildingA_Floor1,TypeB
1065,2025-04-04 16:15:15,19.36,46.57,BuildingA_Floor1,TypeC
1066,2025-04-06 08:07:49,21.51,44.03,BuildingA_Floor1,TypeA
1057,2025-04-05 11:57:34,20.37,60.54,BuildingB_Floor2,TypeC
1021,2025-04-06 23:24:14,27.9,65.22,BuildingA_Floor2,TypeB
1052,2025-04-04 11:02:22,15.99,49.46,BuildingB_Floor2,TypeB
1013,2025-04-07 14:40:59,28.7,38.2,BuildingB_Floor1,TypeC
1085,2025-04-03 01:01:29,29.62,52.46,BuildingA_Floor2,TypeA
1042,2025-04-04 07:01:58,24.11,72.66,BuildingA_Floor1,TypeC
1012,2025-04-03 12:04:16,20.08,47.83,BuildingB_Floor2,TypeC
1079,2025-04-03 01:09:17,17.09,67.59,BuildingB_Floor1,TypeC
1087,2025-04-02 21:22:17,19.27,73.42,BuildingA_Floor1,TypeC
1040,2025-04-05 16:28:15,28.9,42.0,BuildingA_Floor2,TypeA
1070,2025-04-07 00:10:40,24.84,37.81,BuildingA_Floor1,TypeB
1073,2025-04-07 18:51:15,33.64,75.36,BuildingB_Floor1,TypeC
1041,2025-04-03 22:52:08,18.87,61.2,BuildingB_Floor1,TypeC
1097,2025-04-04 10:27:51,32.91,44.02,BuildingB_Floor2,TypeA
1018,2025-04-04 14:53:47,32.75,54.41,BuildingA_Floor1,TypeB
1009,2025-04-07 09:50:23,30.85,67.89,BuildingB_Floor1,TypeC
1053,2025-04-06 17:22:11,31.33,42.63,BuildingB_Floor1,TypeB
1082,2025-04-03 02:17:26,15.87,52.03,BuildingB_Floor1,TypeB
1024,2025-04-05 14:53:16,34.92,35.46,BuildingB_Floor1,TypeC
1034,2025-04-05 12:18:11,24.33,56.51,BuildingA_Floor1,TypeC
1030,2025-04-05 19:05:13,15.11,56.97,BuildingA_Floor2,TypeC
1013,2025-04-05 11:26:19,34.35,33.91,BuildingA_Floor1,TypeB
1078,2025-04-05 21:58:33,25.33,71.47,BuildingA_Floor2,TypeC
1088,2025-04-05 08:24:49,19.36,50.6,BuildingB_Floor2,TypeA
1070,2025-04-05 01:19:03,32.31,79.85,BuildingB_Floor1,TypeB
1089,2025-04-06 00:31:02,21.84,54.78,BuildingB_Floor2,TypeA
1002,2025-04-04 13:31:03,30.4,65.89,BuildingB_Floor1,TypeC
1068,2025-04-07 17:57:52,19.86,41.64,BuildingA_Floor2,TypeC
1008,2025-04-05 17:48:48,15.98,47.07,BuildingB_Floor1,TypeB
1088,2025-04-04 15:31:38,30.13,79.85,BuildingA_Floor1,TypeB
1053,2025-04-04 17:24:42,33.85,48.82,BuildingB_Floor2,TypeB
1088,2025-04-05 14:51:00,22.17,51.58,BuildingB_Floor2,TypeA
1055,2025-04-06 05:27:14,19.0,34.84,BuildingA_Floor2,TypeA
1028,2025-04-07 01:12:06,21.55,43.95,BuildingA_Floor1,TypeC
1087,2025-04-07 09:38:16,24.55,75.71,BuildingB_Floor2,TypeA
1099,2025-04-04 20:45:53,28.38,32.47,BuildingB_Floor1,TypeC
1065,2025-04-03 10:40:33,31.69,54.02,BuildingA_Floor2,TypeB
1029,2025-04-04 01:41:09,19.3,78.07,BuildingB_Floor2,TypeA
1069,2025-04-05 06:50:40,18.93,50.43,BuildingA_Floor1,TypeB
1009,2025-04-06 17:08:03,34.04,37.36,BuildingB_Floor1,TypeC
1000,2025-04-06 09:05:14,34.3,72.69,BuildingB_Floor2,TypeA
1043,2025-04-05 15:23:51,28.0,33.55,BuildingA_Floor2,TypeB
1075,2025-04-03 17:04:18,30.92,55.73,BuildingA_Floor2,TypeA
1021,2025-04-04 20:21:59,18.12,44.47,BuildingB_Floor2,TypeC
1099,2025-04-03 00:19:06,17.99,52.58,BuildingA_Floor2,TypeA
1092,2025-04-03 22:05:25,24.4,65.4,BuildingA_Floor1,TypeB
1021,2025-04-05 19:59:10,26.23,39.94,BuildingB_Floor1,TypeB
1041,2025-04-03 13:58:32,27.06,49.82,BuildingB_Floor1,TypeB
1009,2025-04-05 09:58:01,32.34,43.7,BuildingA_Floor2,TypeC
1050,2025-04-07 02:20:03,30.84,52.15,BuildingA_Floor1,TypeC
1006,2025-04-05 21:00:34,27.98,61.86,BuildingB_Floor1,TypeB
1049,2025-04-07 07:43:30,27.86,79.12,BuildingA_Floor2,TypeB
1050,2025-04-06 15:02:04,30.07,43.92,BuildingA_Floor2,TypeA
1051,2025-04-04 21:13:51,33.84,47.8,BuildingB_Floor1,TypeB
1011,2025-04-07 09:09:57,24.38,58.23,BuildingA_Floor1,TypeA
1055,2025-04-07 15:00:25,23.97,32.86,BuildingB_Floor1,TypeC
1078,2025-04-04 04:37:59,21.59,40.1,BuildingB_Floor2,TypeC
1087,2025-04-03 14:28:28,19.21,33.2,BuildingB_Floor2,TypeB
1096,2025-04-07 14:12:05,18.45,77.77,BuildingA_Floor2,TypeB
1050,2025-04-07 05:10:30,17.85,45.26,BuildingB_Floor1,TypeA
1000,2025-04-05 07:18:47,26.43,42.79,BuildingA_Floor2,TypeA
1042,2025-04-05 11:20:32,18.06,61.87,BuildingA_Floor1,TypeC
1086,2025-04-06 11:44:54,32.96,68.17,BuildingB_Floor1,TypeB
1014,2025-04-04 03:24:17,30.01,40.42,BuildingB_Floor1,TypeA
1070,2025-04-05 01:15:32,33.97,36.42,BuildingB_Floor1,TypeB
1066,2025-04-05 05:47:25,19.22,46.65,BuildingA_Floor1,TypeC
1055,2025-04-07 03:22:17,25.93,76.67,BuildingB_Floor2,TypeA
1087,2025-04-03 23:59:03,24.59,76.47,BuildingB_Floor2,TypeB
1011,2025-04-03 13:48:42,21.77,78.4,BuildingA_Floor1,TypeB
1087,2025-04-04 05:03:10,23.87,51.3,BuildingB_Floor1,TypeA
1100,2025-04-03 19:41:58,15.11,70.4,BuildingA_Floor1,TypeB
1066,2025-04-05 01:59:39,34.1,74.67,BuildingA_Floor2,TypeC
1038,2025-04-06 07:58:15,17.68,41.22,BuildingA_Floor2,TypeA
1040,2025-04-05 09:27:19,29.72,66.1,BuildingB_Floor1,TypeC
1097,2025-04-06 17:42:24,32.71,39.49,BuildingB_Floor1,TypeB
1072,2025-04-04 18:06:48,29.32,68.07,BuildingB_Floor2,TypeB
1002,2025-04-04 12:57:32,28.0,74.05,BuildingB_Floor1,TypeC
1005,2025-04-05 12:00:47,34.21,52.13,BuildingB_Floor2,TypeB
1019,2025-04-05 14:52:03,33.64,66.57,BuildingA_Floor1,TypeA
1081,2025-04-03 20:55:58,31.86,45.4,BuildingA_Floor1,TypeA
1097,2025-04-05 08:10:37,28.73,60.65,BuildingA_Floor1,TypeC
1047,2025-04-04 23:10:03,17.4,64.53,BuildingA_Floor1,TypeA
1026,2025-04-02 21:43:22,32.88,33.95,BuildingA_Floor1,TypeB
1048,2025-04-04 04:22:18,22.87,79.53,BuildingB_Floor2,TypeB
1017,2025-04-07 02:01:02,28.93,30.85,BuildingB_Floor2,TypeC
1003,2025-04-05 15:13:22,15.05,75.56,BuildingA_Floor1,TypeC
1017,2025-04-07 18:40:38,15.36,59.29,BuildingA_Floor1,TypeC
1098,2025-04-05 04:01:46,28.28,55.36,BuildingB_Floor1,TypeC
1006,2025-04-06 23:26:00,28.76,40.43,BuildingA_Floor1,TypeB
1062,2025-04-04 00:41:16,23.13,43.12,BuildingA_Floor1,TypeC
1007,2025-04-03 23:17:49,19.83,60.77,BuildingB_Floor1,TypeA
1035,2025-04-03 10:04:43,17.21,32.6,BuildingB_Floor1,TypeB
1005,2025-04-06 22:02:41,32.91,32.44,BuildingA_Floor1,TypeA
1032,2025-04-06 21:43:32,32.76,51.11,BuildingA_Floor2,TypeC
1045,2025-04-05 03:18:29,17.54,42.77,BuildingA_Floor1,TypeA
1077,2025-04-04 19:45:09,19.79,62.72,BuildingB_Floor1,TypeB
1037,2025-04-06 06:09:57,19.04,37.04,BuildingB_Floor1,TypeB
1060,2025-04-05 20:56:47,25.72,50.38,BuildingA_Floor1,TypeC
1051,2025-04-07 07:21:39,22.53,64.29,BuildingB_Floor2,TypeB
1020,2025-04-06 11:14:15,31.74,68.51,BuildingA_Floor2,TypeC
1058,2025-04-03 21:00:41,24.89,65.65,BuildingB_Floor2,TypeC
1054,2025-04-02 22:11:50,28.57,63.91,BuildingB_Floor1,TypeC
1059,2025-04-03 00:19:25,21.08,71.11,BuildingB_Floor1,TypeC
1034,2025-04-04 05:55:08,34.63,32.22,BuildingA_Floor1,TypeA
1073,2025-04-03 17:55:52,19.97,54.7,BuildingA_Floor2,TypeC
1070,2025-04-06 17:07:19,34.92,67.88,BuildingB_Floor1,TypeC
1095,2025-04-07 14:39:00,32.62,73.77,BuildingA_Floor2,TypeC
1079,2025-04-03 14:12:01,30.03,45.87,BuildingA_Floor1,TypeC
1025,2025-04-05 12:54:31,22.71,61.4,BuildingB_Floor2,TypeC
1096,2025-04-03 08:12:34,22.77,55.82,BuildingA_Floor1,TypeB
1020,2025-04-05 06:20:10,17.11,44.31,BuildingB_Floor1,TypeC
1075,2025-04-04 03:43:50,33.32,63.49,BuildingB_Floor2,TypeB
1057,2025-04-06 19:47:38,28.84,33.9,BuildingA_Floor2,TypeA
1074,2025-04-05 08:16:12,25.05,53.8,BuildingA_Floor2,TypeC
1049,2025-04-05 08:49:05,31.42,55.46,BuildingB_Floor1,TypeC
1073,2025-04-06 08:13:00,32.93,53.17,BuildingB_Floor2,TypeB
1001,2025-04-05 18:00:17,18.72,65.9,BuildingB_Floor1,TypeB
1042,2025-04-04 17:13:43,15.79,51.87,BuildingB_Floor2,TypeA
1034,2025-04-05 06:28:16,28.04,42.12,BuildingB_Floor2,TypeB
1029,2025-04-05 18:14:01,21.88,33.58,BuildingB_Floor2,TypeB
1052,2025-04-05 23:07:45,28.53,74.26,BuildingB_Floor1,TypeB
1033,2025-04-06 19:01:09,15.98,48.14,BuildingB_Floor1,TypeA
1000,2025-04-06 03:50:24,16.58,49.21,BuildingA_Floor1,TypeB
1038,2025-04-03 15:27:28,17.8,51.74,BuildingA_Floor2,TypeC
1005,2025-04-03 14:31:47,20.65,48.87,BuildingA_Floor2,TypeA
1087,2025-04-07 07:23:45,34.71,43.65,BuildingB_Floor1,TypeC
1002,2025-04-05 02:43:14,19.24,58.09,BuildingB_Floor2,TypeA
1024,2025-04-03 10:47:42,16.32,38.94,BuildingB_Floor2,TypeB
1012,2025-04-07 11:50:13,28.96,40.24,BuildingB_Floor1,TypeB
1010,2025-04-05 13:52:25,17.34,33.66,BuildingA_Floor1,TypeA
1033,2025-04-05 22:34:23,20.62,45.66,BuildingB_Floor2,TypeA
1024,2025-04-04 23:03:15,24.99,59.03,BuildingB_Floor1,TypeA
1058,2025-04-04 21:32:12,25.39,79.27,BuildingA_Floor1,TypeA
1092,2025-04-03 06:10:46,23.78,54.12,BuildingB_Floor1,TypeA
1082,2025-04-06 20:31:05,22.31,31.34,BuildingA_Floor2,TypeA
1054,2025-04-05 15:47:48,23.72,61.11,BuildingB_Floor1,TypeB
1020,2025-04-05 00:04:07,16.4,44.76,BuildingB_Floor2,TypeA
1027,2025-04-04 21:13:51,17.08,69.39,BuildingA_Floor2,TypeB
1081,2025-04-05 08:20:52,32.09,65.05,BuildingA_Floor1,TypeC
1093,2025-04-06 09:20:17,21.79,67.89,BuildingB_Floor2,TypeA
1034,2025-04-05 03:52:11,24.28,36.02,BuildingA_Floor1,TypeA
1094,2025-04-05 02:38:11,26.01,44.09,BuildingB_Floor1,TypeA
1087,2025-04-06 10:19:42,17.34,77.27,BuildingA_Floor1,TypeB
1008,2025-04-04 16:55:43,29.23,67.53,BuildingB_Floor2,TypeA
1005,2025-04-03 23:17:16,27.77,69.66,BuildingA_Floor2,TypeA
1025,2025-04-06 11:39:33,27.33,40.37,BuildingA_Floor1,TypeC
1085,2025-04-04 01:51:19,20.85,66.2,BuildingB_Floor2,TypeB
1016,2025-04-04 00:30:03,27.0,65.79,BuildingA_Floor1,TypeB
1030,2025-04-03 02:39:15,24.91,63.77,BuildingA_Floor1,TypeA
1077,2025-04-06 17:33:31,28.92,71.62,BuildingA_Floor2,TypeC
1026,2025-04-04 01:31:17,32.65,36.35,BuildingB_Floor2,TypeA
1079,2025-04-07 04:12:44,19.33,69.68,BuildingA_Floor2,TypeA
1009,2025-04-04 02:23:27,31.07,48.46,BuildingA_Floor1,TypeA
1002,2025-04-05 04:52:32,17.29,66.96,BuildingB_Floor1,TypeB
1031,2025-04-05 04:55:36,20.84,45.87,BuildingA_Floor1,TypeA
1065,2025-04-07 06:30:33,22.26,69.49,BuildingA_Floor1,TypeA
1063,2025-04-04 01:52:41,25.85,45.13,BuildingA_Floor2,TypeC
1031,2025-04-04 17:18:12,25.76,70.55,BuildingB_Floor2,TypeC
1049,2025-04-05 12:28:57,20.23,39.44,BuildingB_Floor1,TypeB
1073,2025-04-07 03:38:20,28.51,71.84,BuildingB_Floor1,TypeC
1021,2025-04-07 11:48:31,33.17,52.71,BuildingB_Floor2,TypeC
1058,2025-04-04 11:05:39,27.3,59.15,BuildingB_Floor2,TypeA
1081,2025-04-05 13:18:28,20.43,43.18,BuildingA_Floor1,TypeB
1048,2025-04-04 07:50:30,24.77,73.41,BuildingA_Floor2,TypeC
1072,2025-04-04 03:42:09,34.18,50.76,BuildingA_Floor1,TypeC
1058,2025-04-06 05:05:10,28.16,72.95,BuildingB_Floor1,TypeA
1017,2025-04-07 06:16:42,15.91,60.16,BuildingA_Floor2,TypeA
1043,2025-04-05 17:26:03,17.68,67.58,BuildingB_Floor1,TypeA
1017,2025-04-03 17:50:46,26.38,42.8,BuildingA_Floor1,TypeC
1063,2025-04-06 10:28:08,29.26,35.36,BuildingB_Floor2,TypeB
1091,2025-04-04 15:51:52,30.87,53.77,BuildingA_Floor1,TypeA
1055,2025-04-02 19:26:05,24.26,71.36,BuildingB_Floor2,TypeB
1091,2025-04-07 00:37:34,16.18,65.17,BuildingA_Floor2,TypeC
1039,2025-04-03 06:12:25,29.49,65.73,BuildingA_Floor2,TypeB
1028,2025-04-03 11:51:54,21.93,74.57,BuildingB_Floor1,TypeC
1076,2025-04-04 10:36:18,21.66,33.31,BuildingB_Floor2,TypeA
1089,2025-04-03 20:38:04,15.21,73.82,BuildingB_Floor2,TypeA
1050,2025-04-06 19:53:02,22.25,72.95,BuildingB_Floor1,TypeB
1012,2025-04-04 02:09:34,27.1,70.98,BuildingB_Floor2,TypeC
1071,2025-04-06 18:00:39,15.72,34.42,BuildingA_Floor2,TypeA
1086,2025-04-03 05:14:39,18.31,34.1,BuildingA_Floor2,TypeC
1027,2025-04-06 06:35:06,18.41,74.38,BuildingB_Floor1,TypeA
1085,2025-04-05 09:04:16,27.14,68.43,BuildingB_Floor1,TypeC
1008,2025-04-03 10:23:05,29.66,47.86,BuildingA_Floor2,TypeA
1052,2025-04-05 14:08:32,16.49,31.94,BuildingB_Floor2,TypeA
1051,2025-04-03 19:55:26,31.5,45.96,BuildingA_Floor1,TypeA
1084,2025-04-05 01:23:13,20.56,46.15,BuildingB_Floor2,TypeC
1069,2025-04-06 22:45:01,32.13,56.14,BuildingB_Floor2,TypeC
1065,2025-04-03 13:10:46,26.21,54.14,BuildingA_Floor1,TypeB
1011,2025-04-07 11:36:34,31.81,73.34,BuildingA_Floor1,TypeA
1065,2025-04-04 05:31:27,26.5,30.05,BuildingB_Floor2,TypeC
1063,2025-04-07 01:12:34,20.89,65.65,BuildingA_Floor2,TypeB
1077,2025-04-04 07:20:32,22.0,40.12,BuildingB_Floor2,TypeC
1030,2025-04-06 07:34:43,22.02,67.94,BuildingB_Floor2,TypeC
1017,2025-04-04 07:27:51,19.99,68.43,BuildingB_Floor2,TypeC
1051,2025-04-06 20:02:38,22.24,49.73,BuildingA_Floor1,TypeC
1007,2025-04-03 01:30:22,29.85,51.5,BuildingB_Floor1,TypeC
1060,2025-04-06 14:30:46,15.1,68.59,BuildingA_Floor2,TypeB
1089,2025-04-03 13:25:53,21.81,41.9,BuildingA_Floor2,TypeC
1074,2025-04-03 03:09:52,28.43,60.59,BuildingA_Floor1,TypeC
1031,2025-04-07 13:31:56,29.32,43.76,BuildingA_Floor1,TypeB
1038,2025-04-06 16:55:33,33.59,61.61,BuildingB_Floor2,TypeB
1044,2025-04-02 19:31:24,18.51,34.03,BuildingA_Floor1,TypeC
1003,2025-04-05 22:56:32,15.07,52.86,BuildingB_Floor2,TypeB
1068,2025-04-06 17:33:38,23.23,43.31,BuildingB_Floor1,TypeC
1055,2025-04-07 16:21:15,24.4,37.01,BuildingB_Floor2,TypeB
1029,2025-04-02 20:59:28,21.08,68.72,BuildingB_Floor2,TypeC
1034,2025-04-04 14:17:18,25.39,63.73,BuildingB_Floor2,TypeB
1035,2025-04-03 13:07:37,30.5,54.65,BuildingA_Floor1,TypeA
1093,2025-04-03 19:29:04,23.78,48.11,BuildingB_Floor2,TypeA
1095,2025-04-04 20:33:49,25.07,46.37,BuildingA_Floor1,TypeB
1076,2025-04-06 08:12:46,30.78,55.58,BuildingB_Floor2,TypeB
1000,2025-04-07 16:48:15,26.53,78.36,BuildingA_Floor1,TypeB
1044,2025-04-06 23:48:10,30.02,72.53,BuildingB_Floor2,TypeB
